ticker,company,# of earnings,% of positive impact of earnings,average return after earnings,# of positive surprise earnings,% of positive impact of earnings when positive surprise,average return after earnings when positive surprise,# of negative surprise earnings,% of positive impact of earnings when negative surprise,average return after earnings when negative surprise,correlated_goodness
ULTA,ULTA BEAUTY INC,60,0.6333333333333333,0.039607099063611706,54,0.6296296296296297,0.047636095898445356,4,0.5,-0.10542532940867969,0.6333333333333333
NOW,SERVICENOW INC,40,0.775,0.03703906893342153,34,0.8235294117647058,0.04376529276724725,2,1.0,0.1018855564840484,0.775
CRM,SALESFORCE COM INC,72,0.5555555555555556,0.023484755397648504,46,0.5652173913043478,0.015903494709198253,1,0.0,-0.050165755972677806,0.5555555555555556
MNST,MONSTER BEVERAGE CORP NEW,71,0.6901408450704225,0.023321952640969368,32,0.84375,0.0505441846252678,22,0.4090909090909091,-0.020633234229867455,0.6901408450704225
FFIV,F 5 NETWORKS INC,92,0.6086956521739131,0.022835606075212476,73,0.6164383561643836,0.025536563554468462,6,0.3333333333333333,-0.023499789100844364,0.6086956521739131
KEYS,KEYSIGHT TECHNOLOGIES INC,33,0.6363636363636364,0.02218438612858095,29,0.6551724137931034,0.02145568798267459,2,0.0,-0.008832237606867965,0.6363636363636364
ALGN,ALIGN TECHNOLOGY INC,87,0.5632183908045977,0.022134526420237423,67,0.6417910447761194,0.04220952591476266,15,0.3333333333333333,-0.05803406173574037,0.5632183908045977
FTNT,FORTINET INC,52,0.5769230769230769,0.020710996572755398,31,0.5161290322580645,0.02404387165645542,0,-1.0,-1.0,0.5769230769230769
SWKS,SKYWORKS SOLUTIONS INC,112,0.5089285714285714,0.019650641644582873,84,0.5357142857142857,0.026652160084339533,10,0.7,0.015765331059096797,0.5089285714285714
EQIX,EQUINIX INC,85,0.6235294117647059,0.018550362496352234,45,0.6888888888888889,0.028632861557617708,36,0.5,0.0017832252394538544,0.6235294117647059
CMG,CHIPOTLE MEXICAN GRILL INC,68,0.5,0.01769176008586091,52,0.5576923076923077,0.029264806028829828,14,0.21428571428571427,-0.03673492102618421,0.5
ADBE,ADOBE INC,113,0.5929203539823009,0.017629101352329014,93,0.5913978494623656,0.019229283363585085,5,0.6,-0.004251926019374163,0.5929203539823009
ISRG,INTUITIVE SURGICAL INC,88,0.5113636363636364,0.017341245398595415,74,0.5540540540540541,0.027238821254016988,7,0.14285714285714285,-0.05115488981583811,0.5113636363636364
NVDA,NVIDIA CORP,91,0.5714285714285714,0.017067277090790922,59,0.559322033898305,0.017167287156994285,6,0.5,-0.03553381340808128,0.5714285714285714
ORLY,O REILLY AUTOMOTIVE INC NEW,112,0.6160714285714286,0.01686011458143602,65,0.7230769230769231,0.03201200896943583,12,0.25,-0.03188591797466387,0.6160714285714286
BIO,BIO RAD LABORATORIES INC,99,0.5555555555555556,0.016525881303046202,68,0.6911764705882353,0.02911720808600226,29,0.27586206896551724,-0.010864972214756945,0.5555555555555556
TSCO,TRACTOR SUPPLY CO NEW,107,0.514018691588785,0.016477186440257356,62,0.5967741935483871,0.029268926688180243,9,0.3333333333333333,-0.0096049963547854,0.514018691588785
TMUS,T MOBILE U S INC,62,0.6612903225806451,0.01628010307043159,44,0.7045454545454546,0.01984393141207974,17,0.5882352941176471,0.014655097678234611,0.6612903225806451
GOOGL,GOOGLE INC,73,0.589041095890411,0.01614128784865904,43,0.7441860465116279,0.03740935928466028,16,0.3125,-0.009802397910145644,0.589041095890411
NKE,NIKE INC,112,0.625,0.015489821646862622,81,0.6172839506172839,0.021695472935931357,5,0.4,-0.05104470202385969,0.625
PVH,P V H CORP,94,0.6063829787234043,0.014970701272417229,87,0.6206896551724138,0.017280888838793335,3,0.3333333333333333,-0.028098547266658908,0.6063829787234043
INTU,INTUIT INC,111,0.6126126126126126,0.014854026188776282,83,0.6626506024096386,0.028091511439871097,8,0.5,-0.012890173382951245,0.6126126126126126
AMAT,APPLIED MATERIALS INC,111,0.5765765765765766,0.014679006578008814,89,0.5730337078651685,0.015529933308974566,6,0.16666666666666666,-0.032742371968908036,0.5765765765765766
ATVI,ACTIVISION BLIZZARD INC,103,0.5436893203883495,0.013283476774364701,73,0.6027397260273972,0.01979021550963664,8,0.25,-0.019804767844263396,0.5436893203883495
ANSS,ANSYS INC,105,0.6857142857142857,0.013215196605335917,86,0.6744186046511628,0.014165173244928247,1,1.0,0.043921601538564614,0.6857142857142857
SIVB,S V B FINANCIAL GROUP,111,0.5945945945945946,0.013151753520667973,89,0.6404494382022472,0.019358595059834297,11,0.36363636363636365,-0.020402346185892418,0.5945945945945946
MHK,MOHAWK INDUSTRIES INC,112,0.625,0.012919245494010013,91,0.7142857142857143,0.02334628341164948,13,0.15384615384615385,-0.04946358170398586,0.625
PKG,PACKAGING CORP AMERICA,91,0.5714285714285714,0.012862101554441703,64,0.640625,0.022638328356897334,19,0.3157894736842105,-0.022547514867297242,0.5714285714285714
VNT,VONTIER CORP,9,0.6666666666666666,0.012667401105436528,8,0.625,0.010256036866226004,0,-1.0,-1.0,0.6666666666666666
RMD,RESMED INC,105,0.5714285714285714,0.012073375425684653,57,0.6666666666666666,0.027867228448200578,11,0.09090909090909091,-0.056139470359230836,0.5714285714285714
JBHT,HUNT J B TRANSPORT SERVICES INC,112,0.6071428571428571,0.011813932973657914,62,0.6612903225806451,0.01930866226214861,30,0.5333333333333333,-0.00017136081131052434,0.6071428571428571
LRCX,LAM RESH CORP,110,0.5454545454545454,0.011623715194030266,87,0.5632183908045977,0.014193888122367148,10,0.5,-0.006778990869307122,0.5454545454545454
DISH,DISH NETWORK CORPORATION,8,0.625,0.011593425273651217,4,0.5,-0.011842501736789607,3,0.6666666666666666,0.0308982369602752,0.625
DAL,DELTA AIR LINES INC,62,0.6451612903225806,0.011465130456739945,41,0.6829268292682927,0.008112995028543157,15,0.6,0.01677395325936053,0.6451612903225806
EA,ELECTRONIC ARTS INC,110,0.5272727272727272,0.011259852088543071,87,0.5402298850574713,0.010616250566485304,9,0.5555555555555556,0.042049294525363434,0.5272727272727272
ANET,ARISTA NETWORKS INC,34,0.5588235294117647,0.010796908640431062,34,0.5588235294117647,0.010796908640431062,0,-1.0,-1.0,0.5588235294117647
TYL,TYLER TECHNOLOGIES INC,89,0.550561797752809,0.010582224579304496,49,0.7142857142857143,0.03613637092860281,17,0.35294117647058826,-0.0355343574966584,0.550561797752809
URI,UNITED RENTALS INC,99,0.6363636363636364,0.010510084729577556,65,0.7230769230769231,0.020724668408314897,24,0.5,-0.015059039755140377,0.6363636363636364
HAL,HALLIBURTON COMPANY,110,0.6181818181818182,0.01048769700976593,82,0.6463414634146342,0.014250214016260651,9,0.4444444444444444,-0.007572954279922019,0.6181818181818182
QCOM,QUALCOMM INC,110,0.5,0.010434304379564911,76,0.5,0.010304828789813283,9,0.5555555555555556,0.01561431356459506,0.5
TSLA,TESLA INC,48,0.4791666666666667,0.010193583222946773,25,0.56,0.025733544087441076,9,0.3333333333333333,-0.036748255802897006,0.5208333333333333
FANG,DIAMONDBACK ENERGY INC,40,0.725,0.009988318542304555,30,0.7666666666666667,0.017894942830820278,9,0.5555555555555556,-0.01764919565543468,0.725
CPRT,COPART INC,102,0.5490196078431373,0.009958224337796077,32,0.71875,0.03180661386695244,9,0.3333333333333333,-0.03419056553940167,0.5490196078431373
RE,EVEREST RE GROUP LTD,108,0.6111111111111112,0.009895928189124499,74,0.7162162162162162,0.019279712907183957,30,0.4,-0.009679186469545934,0.6111111111111112
QRVO,QORVO INC,32,0.53125,0.009864736770767112,31,0.5483870967741935,0.013400801016479249,1,0.0,-0.09975325484630915,0.53125
CF,C F INDUSTRIES HOLDINGS INC,69,0.6376811594202898,0.009792045136945812,38,0.6842105263157895,0.014699996943996131,29,0.5517241379310345,0.002446204741403385,0.6376811594202898
MCHP,MICROCHIP TECHNOLOGY INC,112,0.5803571428571429,0.009789672109924439,63,0.6349206349206349,0.015699999158452285,4,0.25,-0.009357925719699345,0.5803571428571429
UHS,UNIVERSAL HEALTH SERVICES INC,111,0.6216216216216216,0.0096902740453757,71,0.7323943661971831,0.02075488108827049,30,0.43333333333333335,-0.011397643633409909,0.6216216216216216
DG,DOLLAR GENERAL CORP NEW,53,0.6792452830188679,0.00961848717164178,37,0.6486486486486487,0.008031116919309656,10,0.8,0.013596875442931745,0.6792452830188679
RCL,ROYAL CARIBBEAN CRUISES LTD,95,0.5473684210526316,0.009603805776496614,70,0.5714285714285714,0.01039845846559884,22,0.45454545454545453,0.0015637800842443787,0.5473684210526316
AFL,AFLAC INC,112,0.5982142857142857,0.009574342601364083,71,0.6197183098591549,0.009297175180596536,8,0.5,-0.0034080651441647652,0.5982142857142857
PYPL,PAYPAL HOLDINGS INC,30,0.6,0.009287111962819106,25,0.64,0.016226348192210364,1,0.0,-0.24590440828838656,0.6
MSCI,M S C I INC,60,0.7166666666666667,0.008679313267030456,45,0.7111111111111111,0.009274569359700755,7,0.7142857142857143,0.011003128155881876,0.7166666666666667
NSC,NORFOLK SOUTHERN CORP,112,0.5357142857142857,0.008506281494339551,74,0.5675675675675675,0.012280590400290838,26,0.5,0.002005663833598335,0.5357142857142857
LHX,L3HARRIS TECHNOLOGIES INC,110,0.5454545454545454,0.008500283079310786,89,0.550561797752809,0.010887256392299947,3,0.3333333333333333,-0.03191529832205479,0.5454545454545454
MCK,MCKESSON H B O C INC,111,0.5315315315315315,0.008484217048876107,75,0.6,0.015306385553390292,26,0.34615384615384615,-0.009742451142949138,0.5315315315315315
PM,PHILIP MORRIS INTERNATIONAL INC,59,0.711864406779661,0.008371214396113023,44,0.7954545454545454,0.010469587002246032,13,0.38461538461538464,6.093508142562393e-05,0.711864406779661
CE,CELANESE CORP DEL,70,0.5285714285714286,0.008299846896157885,58,0.5517241379310345,0.01040587379766664,10,0.4,-0.0012382552264759926,0.5285714285714286
DLTR,DOLLAR TREE INC,101,0.5148514851485149,0.008149012026293265,52,0.4807692307692308,0.004012038802675947,12,0.4166666666666667,-0.0019368156162538248,0.5148514851485149
SYF,SYNCHRONY FINANCIAL,33,0.6060606060606061,0.008132338842405808,29,0.5862068965517241,0.008616562476709484,3,0.6666666666666666,-0.003253478555964806,0.6060606060606061
TTWO,TAKE TWO INTERACTIVE SOFTWR INC,94,0.6063829787234043,0.00805435671547177,71,0.676056338028169,0.02150625100622518,19,0.3157894736842105,-0.03909060722941971,0.6063829787234043
SNPS,SYNOPSYS INC,110,0.6,0.008052254933845664,84,0.6309523809523809,0.010257833904177985,5,0.4,-0.010037902681093124,0.6
WAT,WATERS CORP,108,0.5185185185185185,0.008014533117263726,84,0.5119047619047619,0.009267957809062019,14,0.5714285714285714,0.003397082465726707,0.5185185185185185
ACN,ACCENTURE PLC IRELAND,86,0.5465116279069767,0.007991718293637625,71,0.5211267605633803,0.008167956999107665,6,0.8333333333333334,0.008990776930859127,0.5465116279069767
AES,A E S CORP,111,0.5495495495495496,0.007860057769373595,59,0.559322033898305,0.012154342012274087,30,0.5,0.006902111491358147,0.5495495495495496
RJF,RAYMOND JAMES FINANCIAL INC,103,0.6310679611650486,0.007831308957930418,62,0.7419354838709677,0.01792446331537977,33,0.3939393939393939,-0.012847884440324966,0.6310679611650486
EOG,EOG RESOURCES INC,109,0.5137614678899083,0.007578059242749371,74,0.527027027027027,0.01158351786985064,16,0.3125,-0.010194072313659083,0.5137614678899083
APH,AMPHENOL CORP NEW,111,0.6306306306306306,0.007435362199150322,59,0.6949152542372882,0.006463698592075886,4,0.5,-0.006398657001343233,0.6306306306306306
MKTX,MARKETAXESS HLDGS INC,72,0.6388888888888888,0.007427294048757329,47,0.6382978723404256,0.007852821093376575,9,0.5555555555555556,0.006849450973987358,0.6388888888888888
ADI,ANALOG DEVICES INC,112,0.4732142857142857,0.007346361858210282,78,0.5256410256410257,0.01318659211637702,18,0.3333333333333333,-0.018344390897760385,0.5267857142857143
NWSA,NEWS CORP NEW,38,0.5526315789473685,0.007278447097723301,26,0.6923076923076923,0.021139554688179348,8,0.125,-0.033173571052747125,0.5526315789473685
AKAM,AKAMAI TECHNOLOGIES INC,92,0.4782608695652174,0.007211487850229654,69,0.5797101449275363,0.027201740923594935,11,0.2727272727272727,-0.02930823537808882,0.5217391304347826
IT,GARTNER INC,112,0.5803571428571429,0.007183915090681679,76,0.6052631578947368,0.006942888794858666,19,0.7368421052631579,0.015951738317609074,0.5803571428571429
CTVA,CORTEVA INC,14,0.5714285714285714,0.007170207454143841,13,0.5384615384615384,0.007082476699662068,1,1.0,0.008310707262406902,0.5714285714285714
NOV,NATIONAL OILWELL VARCO INC,105,0.5142857142857142,0.00699927061269425,70,0.5,0.0037411042466651214,21,0.5238095238095238,0.01651238999260269,0.5142857142857142
KEY,KEYCORP NEW,112,0.5982142857142857,0.006863492933223638,64,0.609375,0.0070898921490594995,31,0.6451612903225806,0.009625816797695134,0.5982142857142857
SYK,STRYKER CORP,112,0.5535714285714286,0.006714378174811714,57,0.5087719298245614,0.005330196496529849,13,0.46153846153846156,-0.011306724378373946,0.5535714285714286
CB,CHUBB LTD,112,0.5535714285714286,0.006588086991227057,87,0.5747126436781609,0.008769649952328618,17,0.5294117647058824,0.0005244814128937142,0.5535714285714286
KLAC,K L A CORP,111,0.5225225225225225,0.006506646477588076,95,0.5263157894736842,0.006687318932511291,8,0.5,0.018342758021305167,0.5225225225225225
AMP,AMERIPRISE FINANCIAL INC,69,0.5507246376811594,0.006307191633055715,52,0.6153846153846154,0.01218700447326242,14,0.35714285714285715,-0.008761618471204824,0.5507246376811594
XRAY,DENTSPLY SIRONA INC,110,0.5181818181818182,0.006306559519212001,56,0.6428571428571429,0.014461514654282625,14,0.42857142857142855,-0.00016666130995905495,0.5181818181818182
RSG,REPUBLIC SERVICES INC,97,0.5773195876288659,0.006305354670357252,60,0.6833333333333333,0.01370226897102612,15,0.2,-0.029243149152213325,0.5773195876288659
SNA,SNAP ON INC,112,0.5178571428571429,0.006110183997533619,82,0.573170731707317,0.009008990475777929,13,0.3076923076923077,-0.007928594738696072,0.5178571428571429
ADSK,AUTODESK INC,110,0.5181818181818182,0.006045369626648404,88,0.5568181818181818,0.015004662006525234,10,0.4,-0.02323552181319304,0.5181818181818182
ABMD,ABIOMED INC,93,0.5376344086021505,0.006016837324852603,57,0.5964912280701754,0.015802666535241146,27,0.4444444444444444,-0.011067753739735306,0.5376344086021505
CCL,CARNIVAL CORP,111,0.5765765765765766,0.00598807195081705,86,0.5697674418604651,0.003308045419404067,14,0.5714285714285714,0.01791079997521227,0.5765765765765766
SBAC,S B A COMMUNICATIONS CORP NEW,90,0.5111111111111111,0.005987416829445628,30,0.5666666666666667,0.004318253643715035,58,0.4827586206896552,0.007918411733407401,0.5111111111111111
UNH,UNITEDHEALTH GROUP INC,112,0.5982142857142857,0.005986425529744539,85,0.6235294117647059,0.005253993046458492,5,0.4,-0.006486291816781375,0.5982142857142857
MA,MASTERCARD INC,66,0.5303030303030303,0.005974402783715253,60,0.5333333333333333,0.006642801740151098,3,0.3333333333333333,-0.00779269519948093,0.5303030303030303
WRK,WESTROCK CO,30,0.5666666666666667,0.005964473913578124,26,0.6153846153846154,0.009057467453737554,4,0.25,-0.014139984097458175,0.5666666666666667
PFE,PFIZER INC,18,0.5,0.005770407008188279,3,0.6666666666666666,0.014363880986163332,1,1.0,0.09714282297406318,0.5
TEL,T E CONNECTIVITY LTD,62,0.5161290322580645,0.005730554013697458,56,0.5535714285714286,0.0074558959579042305,6,0.16666666666666666,-0.010372637465565751,0.5161290322580645
EMN,EASTMAN CHEMICAL CO,112,0.44642857142857145,0.0055345372661447555,78,0.5128205128205128,0.014297035517418863,27,0.2962962962962963,-0.01303066716801494,0.5535714285714286
BSX,BOSTON SCIENTIFIC CORP,112,0.5089285714285714,0.005516498626934034,62,0.5161290322580645,0.005088311797071154,16,0.5,-0.004498875512564421,0.5089285714285714
L,LOEWS CORP,100,0.6,0.005492926679986404,48,0.6041666666666666,0.0076227635631269846,47,0.6382978723404256,0.0054774941346204115,0.6
ALLE,ALLEGION PLC,36,0.6666666666666666,0.0054653761078095765,24,0.7083333333333334,0.00606096523770723,8,0.625,-0.0006177776715649425,0.6666666666666666
IPGP,I P G PHOTONICS CORP,64,0.609375,0.005285762512897739,37,0.5945945945945946,0.006425663069150405,23,0.6521739130434783,0.004382356401618736,0.609375
CSX,C S X CORP,112,0.5357142857142857,0.005217337063361803,50,0.62,0.01189181423731883,9,0.3333333333333333,-0.017935661475019238,0.5357142857142857
SLB,SCHLUMBERGER LTD,114,0.5263157894736842,0.0051887995116222056,79,0.569620253164557,0.0043211370503654185,12,0.5,0.0062162664513311745,0.5263157894736842
TER,TERADYNE INC,112,0.5446428571428571,0.005163807725184838,90,0.5666666666666667,0.008906025279702101,11,0.18181818181818182,-0.0475065958010835,0.5446428571428571
ZBH,ZIMMER BIOMET HOLDINGS INC,85,0.5764705882352941,0.005086572927905734,71,0.5915492957746479,0.009193464117822316,4,0.5,0.013819514330300459,0.5764705882352941
POOL,POOL CORP,106,0.5377358490566038,0.004972084035622741,67,0.5522388059701493,0.0035943158358539423,18,0.5,0.003251746854149609,0.5377358490566038
GLW,CORNING INC,111,0.5315315315315315,0.004946250033505247,79,0.5316455696202531,0.005232647781557455,11,0.45454545454545453,0.0024967270096933588,0.5315315315315315
NDAQ,NASDAQ INC,81,0.5308641975308642,0.00479642260644394,51,0.49019607843137253,0.006792131147588165,8,0.625,0.005901102956456447,0.5308641975308642
HCA,H C A HEALTHCARE INC,47,0.5106382978723404,0.004786712886851037,32,0.5,0.0057080240416309234,14,0.5714285714285714,0.003150387684648283,0.5106382978723404
VTR,VENTAS INC,76,0.5394736842105263,0.0047839987632764085,40,0.475,-0.0011232555654597826,33,0.5757575757575758,0.008782732701074318,0.5394736842105263
CHD,CHURCH & DWIGHT INC,112,0.5714285714285714,0.004773145807567969,81,0.5308641975308642,0.001691236439747181,5,0.6,0.01208539363053176,0.5714285714285714
SBUX,STARBUCKS CORP,109,0.5137614678899083,0.004772129609617564,45,0.6444444444444445,0.019096375649917237,7,0.42857142857142855,-0.012040214087336973,0.5137614678899083
ABBV,ABBVIE INC,39,0.5897435897435898,0.0047031121416547415,35,0.6285714285714286,0.007541899203166058,1,0.0,-0.042215013301061366,0.5897435897435898
TGT,TARGET CORP,112,0.5803571428571429,0.004677398066616262,75,0.5866666666666667,0.003428576353735946,22,0.5,0.0019083831002932115,0.5803571428571429
FOXA,FOX CORP,15,0.6,0.004639717094838665,13,0.5384615384615384,6.076867302051703e-05,2,1.0,0.03440288183665663,0.6
CTAS,CINTAS CORP,112,0.48214285714285715,0.004532839763599502,62,0.5483870967741935,0.012753454800392288,17,0.23529411764705882,-0.02004721278082559,0.5178571428571428
MSFT,MICROSOFT CORP,112,0.5892857142857143,0.004511914682594821,86,0.627906976744186,0.009625998178747265,10,0.4,-0.0341888856552597,0.5892857142857143
TRV,TRAVELERS COMPANIES INC,112,0.6071428571428571,0.004453138329283947,67,0.582089552238806,0.003283678108961526,39,0.6666666666666666,0.007883590723448974,0.6071428571428571
NTAP,NETAPP INC,108,0.5,0.004335110937830005,72,0.6111111111111112,0.022571761624169566,5,0.0,-0.07429912242968455,0.5
DRI,DARDEN RESTAURANTS INC,111,0.5045045045045045,0.0043340697423448074,78,0.5384615384615384,0.011172867615963901,13,0.38461538461538464,-0.027113047566534765,0.5045045045045045
MLM,MARTIN MARIETTA MATERIALS INC,112,0.5178571428571429,0.0043131692338157345,57,0.47368421052631576,0.00275326903766564,54,0.5740740740740741,0.006067099269637403,0.5178571428571429
TPR,TAPESTRY INC,88,0.5340909090909091,0.004248974161371405,72,0.5416666666666666,0.00459926108600164,5,0.8,0.007558139441628309,0.5340909090909091
TMO,THERMO FISHER SCIENTIFIC INC,112,0.5535714285714286,0.004246653925995415,91,0.5824175824175825,0.005370810034546815,5,0.4,-0.032549337679058876,0.5535714285714286
AXP,AMERICAN EXPRESS CO,111,0.4954954954954955,0.004206233730423948,75,0.5333333333333333,0.0072259579861124685,15,0.4,-0.004251637045397727,0.5045045045045045
AAP,ADVANCE AUTO PARTS INC,84,0.44047619047619047,0.004204242421270559,53,0.4716981132075472,0.014965634025588792,21,0.3333333333333333,-0.023244448750493706,0.5595238095238095
BWA,BORGWARNER INC,111,0.5315315315315315,0.0040848790369887806,69,0.6086956521739131,0.009303173992292267,11,0.36363636363636365,-0.01170717457075533,0.5315315315315315
LH,LABORATORY CORP AMERICA HLDGS,110,0.5,0.004067995133161061,71,0.5211267605633803,0.002729820254809082,19,0.3157894736842105,-0.0013777930472882566,0.5
PHM,PULTE GROUP INC,111,0.5495495495495496,0.003990786143276035,75,0.56,0.00265621101313644,21,0.5714285714285714,0.005301601748587065,0.5495495495495496
SHW,SHERWIN WILLIAMS CO,112,0.5535714285714286,0.003982316730850081,56,0.5535714285714286,0.003810299926293174,22,0.7272727272727273,0.007828344851869456,0.5535714285714286
WFC,WELLS FARGO & CO NEW,109,0.5779816513761468,0.00391738549987697,53,0.6981132075471698,0.0098516944830424,18,0.4444444444444444,-0.0031798729804987658,0.5779816513761468
VZ,VERIZON COMMUNICATIONS INC,112,0.5267857142857143,0.0038617536257989113,63,0.5238095238095238,0.0039322048220749965,17,0.6470588235294118,0.007677580822181912,0.5267857142857143
SPG,SIMON PROPERTY GROUP INC NEW,87,0.5632183908045977,0.003856487984327202,60,0.5833333333333334,0.005275703853967393,24,0.4583333333333333,-0.0007560315962610911,0.5632183908045977
SPGI,S & P GLOBAL INC,112,0.5267857142857143,0.003831098184158739,92,0.5108695652173914,0.003431276298631582,6,0.6666666666666666,0.011256924680954202,0.5267857142857143
CAH,CARDINAL HEALTH INC,111,0.5675675675675675,0.003818313233820942,76,0.5526315789473685,0.0022306244735295546,14,0.6428571428571429,0.0075296157880299485,0.5675675675675675
MKC,MCCORMICK & CO INC,113,0.5398230088495575,0.003783251447878008,70,0.5857142857142857,0.004833969456361442,15,0.3333333333333333,-0.006065401491556011,0.5398230088495575
OMC,OMNICOM GROUP INC,112,0.48214285714285715,0.003696632830815837,90,0.5111111111111111,0.005566637076453332,1,1.0,0.028093924815025595,0.5178571428571428
HII,HUNTINGTON INGALLS INDS INC,47,0.574468085106383,0.003663143325792216,33,0.6363636363636364,0.00638157270199142,14,0.42857142857142855,-0.002744583060963051,0.574468085106383
ORCL,ORACLE CORP,111,0.4864864864864865,0.0035521908143641948,71,0.6056338028169014,0.022695901979197304,11,0.18181818181818182,-0.061168618483174494,0.5135135135135135
PKI,PERKINELMER INC,112,0.45535714285714285,0.0034697425314372176,79,0.5443037974683544,0.015294045088125832,13,0.23076923076923078,-0.029403532570612987,0.5446428571428572
IPG,INTERPUBLIC GROUP COS INC,108,0.5,0.0034628536180677156,57,0.6666666666666666,0.01141257506364332,33,0.2727272727272727,-0.012757353944989188,0.5
MET,METLIFE INC,90,0.5333333333333333,0.003448301989108276,67,0.6119402985074627,0.010873456000454586,16,0.1875,-0.024954808933114324,0.5333333333333333
AVY,AVERY DENNISON CORP,112,0.5535714285714286,0.0034408383953302333,87,0.5402298850574713,-9.74711069952546e-06,14,0.5714285714285714,0.009525471473823155,0.5535714285714286
NVR,N V R INC,108,0.5,0.003361592416786245,74,0.5135135135135135,0.004987332437100313,32,0.46875,-0.0001592146380236803,0.5
RF,REGIONS FINANCIAL CORP NEW,112,0.48214285714285715,0.0032355275563532688,44,0.6136363636363636,0.0064638320765387025,32,0.375,0.0018867837947521317,0.5178571428571428
A,AGILENT TECHNOLOGIES INC,91,0.5824175824175825,0.0031883064900734676,66,0.6666666666666666,0.01512182869328363,17,0.23529411764705882,-0.04398510270103023,0.5824175824175825
ICE,INTERCONTINENTALEXCHANGE GRP INC,68,0.5147058823529411,0.0031865505744811786,48,0.4375,-0.003281497666764418,4,0.75,0.019928695193098728,0.5147058823529411
LEN,LENNAR CORP,113,0.4690265486725664,0.0031794840468048267,85,0.49411764705882355,0.0060903325412660385,22,0.4090909090909091,-0.0020663830959305363,0.5309734513274336
O,REALTY INCOME CORP,74,0.581081081081081,0.003178216177679309,28,0.7142857142857143,0.009960847023203564,40,0.525,-0.00041450816979226034,0.581081081081081
AEP,AMERICAN ELECTRIC POWER CO INC,112,0.5982142857142857,0.0030653072377901758,70,0.5857142857142857,0.003656754883216597,38,0.631578947368421,0.0025178776279693566,0.5982142857142857
WM,WASTE MANAGEMENT INC DEL,112,0.5446428571428571,0.0030647759708559877,65,0.5692307692307692,0.0070103350310397996,34,0.5,-0.008751007183647297,0.5446428571428571
PH,PARKER HANNIFIN CORP,111,0.5495495495495496,0.003043870856014441,90,0.4777777777777778,0.0009750748643016023,19,0.8421052631578947,0.011028230160998801,0.5495495495495496
GD,GENERAL DYNAMICS CORP,112,0.5178571428571429,0.003025691571400222,95,0.5473684210526316,0.00436746288554455,8,0.125,-0.01766712214627815,0.5178571428571429
FLS,FLOWSERVE CORP,105,0.5047619047619047,0.0029427480543963635,53,0.6415094339622641,0.016398110490390125,29,0.2413793103448276,-0.017143926516198674,0.5047619047619047
HBI,HANESBRANDS INC,64,0.5625,0.0029039505001492282,37,0.6216216216216216,0.018625108347667885,10,0.2,-0.060713359879038906,0.5625
KMB,KIMBERLY CLARK CORP,112,0.5178571428571429,0.0028946898771566995,73,0.5205479452054794,0.003086956492307826,23,0.5217391304347826,0.0027527190020050604,0.5178571428571429
CI,CIGNA CORP NEW,112,0.5803571428571429,0.0028446587038537005,94,0.6276595744680851,0.004083209301825196,13,0.38461538461538464,0.0018167858411147935,0.5803571428571429
IRM,IRON MOUNTAIN INC NEW,101,0.4752475247524752,0.002790187324763814,54,0.5555555555555556,0.006485722837073427,27,0.4074074074074074,-0.0026170470728492205,0.5247524752475248
HPE,HEWLETT PACKARD ENTERPRISE CO,29,0.5172413793103449,0.002787259299455493,22,0.5909090909090909,0.011227858650988087,2,0.0,-0.08341481514089838,0.5172413793103449
WMB,WILLIAMS COS,110,0.4909090909090909,0.0027839800644040022,49,0.5102040816326531,0.003844802159272638,48,0.4791666666666667,0.003291481953016926,0.509090909090909
DVA,DAVITA INC,106,0.5566037735849056,0.0027274990669833308,64,0.65625,0.015998896423562347,10,0.3,-0.03807572068138856,0.5566037735849056
DHR,DANAHER CORP,112,0.49107142857142855,0.0027061444838956663,78,0.46153846153846156,0.0006413962357086498,4,0.75,0.015812553702617888,0.5089285714285714
AMGN,AMGEN INC,112,0.4732142857142857,0.0026658424323709492,85,0.4588235294117647,0.0025248873404340017,13,0.46153846153846156,-0.003952645800084296,0.5267857142857143
FRC,FIRST REPUBLIC BANK S F NEW,48,0.5625,0.0026444915842360472,37,0.5405405405405406,0.0009646677985093744,5,0.6,0.004255787629448005,0.5625
EXPE,EXPEDIA GROUP INC,70,0.5142857142857142,0.002632203728589496,45,0.6222222222222222,0.037581487234413805,25,0.32,-0.06027650658189424,0.5142857142857142
DVN,DEVON ENERGY CORP NEW,111,0.5225225225225225,0.0026088675464442245,85,0.5529411764705883,0.004557102544570251,17,0.47058823529411764,-0.00749323658057313,0.5225225225225225
ETN,EATON CORP PLC,112,0.5714285714285714,0.0025811796753814056,83,0.5662650602409639,0.0014048767109918277,16,0.75,0.012306337668892504,0.5714285714285714
HUM,HUMANA INC,112,0.5178571428571429,0.002580967717201183,71,0.5633802816901409,0.002821988668545764,17,0.4117647058823529,-0.004680047922773591,0.5178571428571429
USB,U S BANCORP DEL,112,0.5982142857142857,0.0025476126993598724,51,0.6470588235294118,0.0027752210812970997,11,0.36363636363636365,-0.0035130835470935954,0.5982142857142857
PAYX,PAYCHEX INC,112,0.5178571428571429,0.0025435168850965126,59,0.559322033898305,0.007032501179794861,8,0.5,-0.015557691327372211,0.5178571428571429
PEP,PEPSICO INC,112,0.5803571428571429,0.0025373406116535263,82,0.6341463414634146,0.006204457402881538,10,0.5,-0.010637233321251572,0.5803571428571429
ARE,ALEXANDRIA REAL EST EQUITIES INC,67,0.5074626865671642,0.0025316351620013142,25,0.76,0.013214725214181043,39,0.3333333333333333,-0.004073318048625614,0.5074626865671642
ZTS,ZOETIS INC,40,0.55,0.0025172367804059182,33,0.48484848484848486,0.0016042968243871831,3,1.0,0.01372425452011794,0.55
TSN,TYSON FOODS INC,112,0.5446428571428571,0.0024864702516930984,69,0.5652173913043478,0.005247568965545148,34,0.5294117647058824,-0.0024528264916805977,0.5446428571428571
BEN,FRANKLIN RESOURCES INC,112,0.5178571428571429,0.0024718364482126296,62,0.4838709677419355,0.0020082107955209445,27,0.48148148148148145,-0.004783370395396657,0.5178571428571429
CMI,CUMMINS INC,112,0.5089285714285714,0.002450481271945306,75,0.48,0.002130906754139875,29,0.5862068965517241,0.0024867293431908187,0.5089285714285714
MS,MORGAN STANLEY DEAN WITTER & CO,102,0.5588235294117647,0.002444757656710639,80,0.5875,0.0038778729119680125,20,0.5,-0.0002537321556370542,0.5588235294117647
FRT,FEDERAL REALTY INVESTMENT TRUST,83,0.5421686746987951,0.0024333322023283766,55,0.5636363636363636,0.005897002831728178,23,0.5217391304347826,-0.0037474339272002954,0.5421686746987951
APD,AIR PRODUCTS & CHEMICALS INC,112,0.5,0.0024221027991275105,81,0.5061728395061729,0.004395942195253255,17,0.5294117647058824,0.0006587257640411022,0.5
BK,BANK OF NEW YORK MELLON CORP,112,0.5089285714285714,0.0024146324728587967,69,0.5072463768115942,0.0010231753002775171,15,0.4666666666666667,0.009771258004331214,0.5089285714285714
CVX,CHEVRON CORP NEW,112,0.5357142857142857,0.002413362614350154,71,0.5915492957746479,0.004738118917756806,38,0.4473684210526316,-0.001976757542380446,0.5357142857142857
PNR,PENTAIR PLC,112,0.49107142857142855,0.0023948441405015224,78,0.44871794871794873,-0.0007728424337633899,4,0.5,0.02035420494154061,0.5089285714285714
APA,APACHE CORP,111,0.5135135135135135,0.0023437438839754472,66,0.5454545454545454,0.006231598352563508,36,0.4166666666666667,-0.007089631830483032,0.5135135135135135
PXD,PIONEER NATURAL RESOURCES CO,101,0.45544554455445546,0.0023319418346403717,63,0.5079365079365079,0.006923053254141601,34,0.4117647058823529,-0.004354994599602555,0.5445544554455446
PNC,P N C FINANCIAL SERVICES GRP INC,112,0.5982142857142857,0.002319786766680155,79,0.6582278481012658,0.004311640994499729,19,0.42105263157894735,-0.006997724603654437,0.5982142857142857
BKR,BAKER HUGHES CO,112,0.5535714285714286,0.002317915054154828,67,0.6119402985074627,0.0048668930982821,30,0.4,-0.004356907563762835,0.5535714285714286
STT,STATE STREET CORP,112,0.5178571428571429,0.002310500802353988,84,0.5476190476190477,0.00407090745603386,11,0.2727272727272727,-0.011804913449510856,0.5178571428571429
NUE,NUCOR CORP,112,0.5,0.0023093516071005745,82,0.5121951219512195,0.0026143351639029214,19,0.47368421052631576,0.006685640426975117,0.5
ES,EVERSOURCE ENERGY,110,0.5,0.00228036315274762,51,0.6078431372549019,0.006447940952175817,45,0.35555555555555557,-0.0025474520005539488,0.5
AZO,AUTOZONE INC,108,0.5092592592592593,0.0022145169552960343,75,0.5333333333333333,0.004416760592272253,15,0.4666666666666667,-0.0042700121382848255,0.5092592592592593
ECL,ECOLAB INC,111,0.5135135135135135,0.0021774936702363052,40,0.425,0.00045856859565737983,16,0.625,0.0029000981213498436,0.5135135135135135
HON,HONEYWELL INTERNATIONAL INC,112,0.5267857142857143,0.002174828736781094,69,0.5072463768115942,0.0029665892003985354,4,0.0,-0.013714470145973046,0.5267857142857143
LIN,LINDE PLC,113,0.5309734513274337,0.0021325840572849137,78,0.5512820512820513,0.004654856531710749,6,0.3333333333333333,-0.004038224181880286,0.5309734513274337
NCLH,NORWEGIAN CRUISE LINE HLDGS LTD,40,0.425,0.002102977462976893,29,0.3793103448275862,-0.0013334528208273039,9,0.5555555555555556,0.011650639867165524,0.575
DOV,DOVER CORP,106,0.4716981132075472,0.002053144810204223,85,0.5176470588235295,0.005243897352654271,13,0.23076923076923078,-0.01039780716633107,0.5283018867924528
PPL,P P L CORP,94,0.5,0.002025153460231753,62,0.5806451612903226,0.004873603327232874,27,0.3333333333333333,-0.003715376739322195,0.5
DHI,D R HORTON INC,112,0.4642857142857143,0.0019502261935539866,78,0.47435897435897434,0.0009092417199768895,18,0.4444444444444444,0.0002865083265427868,0.5357142857142857
SJM,SMUCKER J M CO,109,0.5137614678899083,0.0019410136762297145,67,0.5223880597014925,0.002042649395637415,27,0.48148148148148145,0.0012114820067259844,0.5137614678899083
CDNS,CADENCE DESIGN SYSTEMS INC,112,0.5267857142857143,0.0019226632382428877,90,0.5555555555555556,0.015228997435693222,3,0.3333333333333333,-0.06957887289282634,0.5267857142857143
VTRS,VIATRIS INC,112,0.5535714285714286,0.0019200119441745423,68,0.6176470588235294,0.008404678217313843,28,0.32142857142857145,-0.017959644627647188,0.5535714285714286
MDT,MEDTRONIC PLC,112,0.49107142857142855,0.0019185855130186866,59,0.5254237288135594,0.00483463986093848,6,0.0,-0.029419988813037756,0.5089285714285714
AON,AON PLC NEW,112,0.5178571428571429,0.0019092575618124383,72,0.5416666666666666,0.006264951788632607,24,0.4583333333333333,-0.012590695954326511,0.5178571428571429
GIS,GENERAL MILLS INC,112,0.5178571428571429,0.0018837326630274048,61,0.5737704918032787,0.0033564596735660636,21,0.42857142857142855,0.0002049611084382566,0.5178571428571429
RHI,ROBERT HALF INTERNATIONAL INC,111,0.4774774774774775,0.0018730734623622499,72,0.6111111111111112,0.024573368571104245,13,0.23076923076923078,-0.05145384283968861,0.5225225225225225
CVS,C V S HEALTH CORP,112,0.5178571428571429,0.0018596027142141153,81,0.5185185185185185,0.00210562292132587,8,0.625,0.0015035297969400452,0.5178571428571429
DE,DEERE & CO,112,0.5,0.001852301403195342,87,0.4827586206896552,0.0019211239470573753,18,0.5555555555555556,0.0020307504536532517,0.5
IQV,IQVIA HOLDINGS INC,38,0.5,0.0018209958794562424,38,0.5,0.0018209958794562424,0,-1.0,-1.0,0.5
SLG,S L GREEN REALTY CORP,72,0.5,0.0017869322389703316,51,0.5490196078431373,0.005664804708523183,20,0.35,-0.008191285413456978,0.5
PCAR,PACCAR INC,112,0.5267857142857143,0.0017724265516876564,88,0.5340909090909091,0.0033347733097639294,15,0.6,-0.0007781410746604618,0.5267857142857143
PSX,PHILLIPS 66,43,0.46511627906976744,0.001756508729336678,36,0.5277777777777778,0.004241410326208246,7,0.14285714285714285,-0.01102298519743139,0.5348837209302326
BR,BROADRIDGE FINANCIAL SOLUTNS INC,63,0.5714285714285714,0.0017210204823215397,42,0.5714285714285714,0.0020870687870287,14,0.35714285714285715,-0.009602309658399357,0.5714285714285714
EL,LAUDER ESTEE COS INC,108,0.5185185185185185,0.0017006795545967093,77,0.5844155844155844,0.005173436396213941,6,0.6666666666666666,0.004413418656049328,0.5185185185185185
ROL,ROLLINS INC,91,0.4835164835164835,0.0016377844973307631,17,0.5882352941176471,0.0012782917748597124,9,0.2222222222222222,-0.005535100119863455,0.5164835164835164
TT,TRANE TECHNOLOGIES PLC,112,0.49107142857142855,0.0015962194894378284,87,0.47126436781609193,0.0008919750796972859,14,0.6428571428571429,0.00151149954533647,0.5089285714285714
ITW,ILLINOIS TOOL WORKS INC,112,0.5357142857142857,0.0015901169144625121,83,0.5903614457831325,0.003581968675928307,10,0.3,-0.008257075913437616,0.5357142857142857
TXN,TEXAS INSTRUMENTS INC,112,0.4642857142857143,0.0015868558487288442,83,0.5060240963855421,0.00823168750040746,12,0.16666666666666666,-0.04840037591861642,0.5357142857142857
HRL,HORMEL FOODS CORP,112,0.48214285714285715,0.0015358958082991126,51,0.5294117647058824,0.0026311589906310093,19,0.2631578947368421,-0.006881263400288963,0.5178571428571428
GL,GLOBE LIFE INC,20,0.35,0.001512823688166437,9,0.5555555555555556,0.008565050218410412,3,0.3333333333333333,-0.005031155914991629,0.65
PRGO,PERRIGO CO PLC,113,0.4424778761061947,0.0014901952388217097,67,0.47761194029850745,0.004516492310746313,35,0.37142857142857144,-0.004511745610059283,0.5575221238938053
EXPD,EXPEDITORS INTERNATIONAL WA INC,112,0.44642857142857145,0.0014827273793557028,60,0.5333333333333333,0.010099244139672591,21,0.38095238095238093,-0.011798207070676015,0.5535714285714286
MCO,MOODYS CORP,88,0.4431818181818182,0.0014694711876354564,73,0.4520547945205479,0.0030773147811978757,11,0.45454545454545453,-0.0052648566869099725,0.5568181818181819
C,CITIGROUP INC,112,0.5892857142857143,0.0014511285412415853,93,0.6344086021505376,0.0035541511159714674,19,0.3684210526315789,-0.008842613535067836,0.5892857142857143
CHTR,CHARTER COMMUNICATIONS INC NEW,51,0.49019607843137253,0.0014330051340771593,19,0.5789473684210527,0.0009401556136005018,31,0.45161290322580644,0.0019944520154517183,0.5098039215686274
FAST,FASTENAL COMPANY,110,0.5636363636363636,0.0014030927702385625,34,0.5294117647058824,-0.004372635510549211,7,0.7142857142857143,0.006778716408708736,0.5636363636363636
UNP,UNION PACIFIC CORP,112,0.5803571428571429,0.001397490676182745,81,0.6172839506172839,0.0013531276317793846,19,0.42105263157894735,-0.001161939784251416,0.5803571428571429
BIIB,BIOGEN INC,112,0.5178571428571429,0.0012974947730954717,79,0.5316455696202531,0.003804418371439695,19,0.42105263157894735,-0.00916448138137948,0.5178571428571429
CAG,CONAGRA BRANDS INC,110,0.6090909090909091,0.0012934185546414163,66,0.6212121212121212,0.0027359412081762887,16,0.625,0.00813483269123498,0.6090909090909091
AMT,AMERICAN TOWER CORP NEW,96,0.4791666666666667,0.001281771495584114,40,0.5,0.006385460344327481,48,0.5,-0.0009507690606036049,0.5208333333333333
XOM,EXXON MOBIL CORP,18,0.5555555555555556,0.0012039001818828405,16,0.625,0.005056882020209576,1,0.0,-0.00878524394364466,0.5555555555555556
JNJ,JOHNSON & JOHNSON,112,0.5267857142857143,0.0011978476311350686,93,0.5483870967741935,0.001127300261048475,4,0.25,-0.006369120116061028,0.5267857142857143
ROK,ROCKWELL AUTOMATION INC,112,0.5267857142857143,0.0011591030321409315,85,0.5176470588235295,0.0008275324337018112,21,0.5238095238095238,0.0008430036777483187,0.5267857142857143
AOS,SMITH A O CORP,111,0.4954954954954955,0.0010836775323161782,68,0.4852941176470588,0.0002694692733912485,10,0.3,-0.009461058994267125,0.5045045045045045
CMS,C M S ENERGY CORP,112,0.5267857142857143,0.0010735954709656362,67,0.5671641791044776,0.004348011171337313,31,0.41935483870967744,-0.007172189197569897,0.5267857142857143
TROW,T ROWE PRICE GROUP INC,112,0.5,0.0010542522377780747,68,0.5,0.0016028961423757704,27,0.48148148148148145,-0.004418210277623363,0.5
EMR,EMERSON ELECTRIC CO,112,0.5178571428571429,0.0010196232792048837,59,0.5423728813559322,0.0017589347717161562,20,0.45,-0.0031683373831664476,0.5178571428571429
EQR,EQUITY RESIDENTIAL,82,0.5365853658536586,0.0009203494800290793,59,0.5254237288135594,0.00490023675054674,20,0.5,-0.012847416811013063,0.5365853658536586
REG,REGENCY CENTERS CORP,76,0.5526315789473685,0.000906989283964235,45,0.6666666666666666,0.008911669568641756,26,0.34615384615384615,-0.012315184717352157,0.5526315789473685
CMA,COMERICA INC,112,0.5,0.0008919258824451197,81,0.4691358024691358,-0.00022785997543074956,21,0.5714285714285714,0.0034683698113922765,0.5
UA,UNDER ARMOUR INC,25,0.4,0.0008538364266590915,15,0.4666666666666667,0.006611807817596901,3,0.3333333333333333,-0.013342290505343893,0.6
LNC,LINCOLN NATIONAL CORP,112,0.5357142857142857,0.0008477542039181712,71,0.6338028169014085,0.013068374409329241,36,0.3333333333333333,-0.023476314485873995,0.5357142857142857
FDX,FEDEX CORP,112,0.5,0.0007746479470581455,71,0.5774647887323944,0.010703617748764606,33,0.36363636363636365,-0.02253218495103555,0.5
ADP,AUTOMATIC DATA PROCESSING INC,112,0.5089285714285714,0.000762193533141898,56,0.5178571428571429,0.00046842338440003316,21,0.5238095238095238,0.0007010911060915009,0.5089285714285714
UDR,U D R INC,77,0.4675324675324675,0.0006910001823645809,37,0.5405405405405406,0.006264453256825714,33,0.3939393939393939,-0.006961237486237774,0.5324675324675325
PEG,PUBLIC SERVICE ENTERPRISE GP INC,112,0.4732142857142857,0.00068670460271696,69,0.4782608695652174,0.0010165258935298162,34,0.47058823529411764,-0.0010853369094399176,0.5267857142857143
CPB,CAMPBELL SOUP CO,112,0.4732142857142857,0.0006659016653879664,72,0.5,0.0016259585810968588,21,0.47619047619047616,0.0025111653288241377,0.5267857142857143
KIM,KIMCO REALTY CORP,83,0.5421686746987951,0.0006357106712538439,49,0.5510204081632653,0.0009286897376069422,31,0.4838709677419355,-0.00037630064022541715,0.5421686746987951
TFX,TELEFLEX INC,94,0.5212765957446809,0.0006355558899543718,73,0.547945205479452,0.0037208198391409106,15,0.3333333333333333,-0.018602040687322702,0.5212765957446809
BBY,BEST BUY COMPANY INC,109,0.5321100917431193,0.0006219589645900759,71,0.5774647887323944,0.0019758713982424045,14,0.35714285714285715,-0.005310447414435838,0.5321100917431193
LLY,LILLY ELI & CO,112,0.5,0.0006160057525444582,67,0.5373134328358209,0.0007663380346214349,17,0.47058823529411764,0.000678768423858585,0.5
ED,CONSOLIDATED EDISON INC,112,0.5446428571428571,0.0006061588026347557,65,0.6,0.004174747500251392,42,0.5,-0.004647257793846618,0.5446428571428571
SYY,SYSCO CORP,112,0.49107142857142855,0.0005915414029163253,55,0.5272727272727272,0.0029693852660038766,25,0.48,-0.002795708966351693,0.5089285714285714
EIX,EDISON INTERNATIONAL,111,0.4774774774774775,0.0005835450227304998,73,0.5205479452054794,0.006145506445930639,35,0.34285714285714286,-0.012595775936440672,0.5225225225225225
MTB,M & T BANK CORP,112,0.5357142857142857,0.0005526767844134291,69,0.5652173913043478,0.00409562386896624,34,0.5,-0.0059110311971523905,0.5357142857142857
IVZ,INVESCO LTD,60,0.4166666666666667,0.0005512636886089199,33,0.30303030303030304,-0.0045194856511291065,21,0.5238095238095238,0.007310511411060364,0.5833333333333333
SCHW,SCHWAB CHARLES CORP NEW,112,0.5089285714285714,0.0005227220096574269,45,0.5333333333333333,-0.0004894874554968325,19,0.2631578947368421,-0.012681413594680266,0.5089285714285714
COP,CONOCOPHILLIPS,111,0.4954954954954955,0.0005097734037567709,85,0.49411764705882355,0.00011130420345822704,20,0.45,0.0002418734224634289,0.5045045045045045
VLO,VALERO ENERGY CORP NEW,111,0.44144144144144143,0.0005085841231550043,86,0.45348837209302323,0.0007928601299623637,15,0.2,-0.0061718396236821295,0.5585585585585586
ILMN,ILLUMINA INC,87,0.4367816091954023,0.0004905018667547116,69,0.5072463768115942,0.014979195313933946,11,0.09090909090909091,-0.08712402766947497,0.5632183908045977
DUK,DUKE ENERGY CORP NEW,112,0.4375,0.0004706390632230606,68,0.47058823529411764,0.002900567891173316,39,0.41025641025641024,-0.0034299529902248036,0.5625
APTV,APTIV PLC,44,0.5227272727272727,0.00047002210541020504,40,0.525,0.0003633292460280296,3,0.3333333333333333,-0.00044538033622413636,0.5227272727272727
MMM,3M CO,112,0.5,0.0004655695195244274,78,0.5512820512820513,0.002078295733047794,16,0.5,0.003033555938303567,0.5
CMCSA,COMCAST CORP NEW,104,0.5288461538461539,0.00045392243692931195,69,0.4927536231884058,0.00037957819661191955,19,0.631578947368421,0.0012873277650786367,0.5288461538461539
GILD,GILEAD SCIENCES INC,108,0.48148148148148145,0.00043786266989960775,66,0.5909090909090909,0.009857319058625575,15,0.13333333333333333,-0.02365164242226782,0.5185185185185186
GWW,GRAINGER W W INC,112,0.45535714285714285,0.00041497166665714825,73,0.547945205479452,0.003954183046613694,26,0.3076923076923077,-0.0010460564381065173,0.5446428571428572
LYB,LYONDELLBASELL INDUSTRIES N V,49,0.5306122448979592,0.0004040239263243715,32,0.53125,-0.0025657969584559383,17,0.5294117647058824,0.005994275003557896,0.5306122448979592
KMI,KINDER MORGAN INC,47,0.5319148936170213,0.00040228998156757555,16,0.375,-0.008117547899248338,25,0.56,0.004954253020009416,0.5319148936170213
D,DOMINION ENERGY INC,112,0.5267857142857143,0.0003631385025361684,67,0.5671641791044776,0.0002283103040608555,34,0.4411764705882353,0.00041391665170267334,0.5267857142857143
AIG,AMERICAN INTERNATIONAL GROUP INC,112,0.5625,0.0003272982366009052,77,0.6233766233766234,0.006649328697096997,35,0.42857142857142855,-0.013581168776490496,0.5625
MO,ALTRIA GROUP INC,112,0.5089285714285714,0.0003262171140562175,52,0.5192307692307693,0.0016700151438841322,24,0.375,-0.00938817299313669,0.5089285714285714
JCI,JOHNSON CONTROLS INTL PLC,112,0.48214285714285715,0.00031978984243597207,92,0.5108695652173914,0.0010559870327448875,7,0.14285714285714285,0.0003677824111957907,0.5178571428571428
LEG,LEGGETT & PLATT INC,111,0.5135135135135135,0.0003165616969958384,60,0.6333333333333333,0.013140939745531212,31,0.2903225806451613,-0.02347967179958821,0.5135135135135135
WYNN,WYNN RESORTS LTD,78,0.4358974358974359,0.0002880401148019565,35,0.4857142857142857,0.016191711824960223,39,0.4358974358974359,-0.01181544366070125,0.5641025641025641
EBAY,EBAY INC,94,0.5212765957446809,0.00017778304335593813,70,0.5857142857142857,0.008153604193003445,2,0.0,-0.11080198553701731,0.5212765957446809
DXC,D X C TECHNOLOGY CO,17,0.5294117647058824,0.00017659419191726363,9,0.5555555555555556,0.00957703743882691,0,-1.0,-1.0,0.5294117647058824
EFX,EQUIFAX INC,112,0.4642857142857143,0.00012605384679920513,74,0.44594594594594594,0.0016918848017685429,6,0.16666666666666666,-0.03435703111849856,0.5357142857142857
EW,EDWARDS LIFESCIENCES CORP,91,0.4945054945054945,0.00010636297124563667,42,0.5952380952380952,0.01151964778987377,8,0.125,-0.07925031421296604,0.5054945054945055
EXC,EXELON CORP,112,0.5267857142857143,7.637272986129952e-05,66,0.5303030303030303,0.001768327254383291,37,0.5405405405405406,-0.0019506018494523515,0.5267857142857143
PSA,PUBLIC STORAGE,78,0.47435897435897434,6.712187469052419e-05,47,0.6382978723404256,0.007029068669507732,29,0.2413793103448276,-0.01068083160101804,0.5256410256410257
COST,COSTCO WHOLESALE CORP NEW,111,0.4774774774774775,2.316044175342968e-05,65,0.5384615384615384,0.004468631964609655,22,0.36363636363636365,-0.012840613240124376,0.5225225225225225
TJX,T J X COMPANIES INC NEW,108,0.5,-2.0795703340971263e-05,47,0.40425531914893614,-0.0022020534921208834,6,0.5,-0.0013762817853639198,0.5
MCD,MCDONALDS CORP,112,0.45535714285714285,-3.3607616148129525e-05,57,0.543859649122807,0.0017473150129772156,24,0.3333333333333333,-0.0003634083969297393,0.5446428571428572
ZION,ZIONS BANCORPORATION N A,112,0.5267857142857143,-4.063947093275515e-05,62,0.6290322580645161,0.008452122931308648,39,0.38461538461538464,-0.011199230652122654,0.5267857142857143
PLD,PROLOGIS INC,77,0.4935064935064935,-6.190599009791266e-05,59,0.559322033898305,0.002389253784061309,16,0.25,-0.013626798306999865,0.5064935064935066
FE,FIRSTENERGY CORP,100,0.44,-6.35723688191081e-05,73,0.4657534246575342,0.0005894745623933055,20,0.45,0.0010249187327335707,0.56
GM,GENERAL MOTORS CO,48,0.4375,-6.523912188008639e-05,40,0.4,-0.001794000431681869,8,0.625,0.008578567427128828,0.5625
STZ,CONSTELLATION BRANDS INC,111,0.4954954954954955,-6.540859358116323e-05,76,0.5657894736842105,0.00866878885385266,12,0.25,-0.037270305750044086,0.5045045045045045
BLK,BLACKROCK INC,92,0.5108695652173914,-7.959719268743977e-05,69,0.5362318840579711,0.0010806057801001215,14,0.2857142857142857,-0.01344575384093861,0.5108695652173914
NWL,NEWELL BRANDS INC,112,0.4642857142857143,-0.00012846185523984557,80,0.4625,0.0011846514452995241,14,0.21428571428571427,-0.009012344561814751,0.5357142857142857
MAA,MID AMERICA APT COMMUNITIES INC,68,0.5735294117647058,-0.0001587495931421503,45,0.6222222222222222,0.0008795094265790295,19,0.5789473684210527,0.0020839502079708374,0.5735294117647058
ATO,ATMOS ENERGY CORP,110,0.4636363636363636,-0.00016936270699739213,66,0.5606060606060606,0.0019049184751809766,33,0.24242424242424243,-0.007008316289214033,0.5363636363636364
UPS,UNITED PARCEL SERVICE INC,92,0.4891304347826087,-0.00018021763500363123,59,0.5932203389830508,0.0026345634005922143,14,0.35714285714285715,-0.008600963737840084,0.5108695652173914
ADM,ARCHER DANIELS MIDLAND CO,111,0.5315315315315315,-0.00019110519034147954,65,0.5076923076923077,-0.002131946059069046,40,0.625,0.0057454459647758695,0.5315315315315315
FITB,FIFTH THIRD BANCORP,111,0.4954954954954955,-0.0002045091242124245,58,0.5517241379310345,-0.00127248233098799,17,0.5294117647058824,0.007251196897979869,0.5045045045045045
GPC,GENUINE PARTS CO,112,0.45535714285714285,-0.00021100536040787342,54,0.5,0.0023950358478966255,28,0.39285714285714285,-0.003780318603094333,0.5446428571428572
AAL,AMERICAN AIRLINES GROUP INC,68,0.38235294117647056,-0.00021674383134797213,51,0.37254901960784315,0.0025289695715270746,11,0.45454545454545453,-0.003210836719928874,0.6176470588235294
J,JACOBS ENGINEERING GROUP INC,110,0.4727272727272727,-0.00024878037201994815,61,0.4918032786885246,0.003544990320179214,12,0.25,-0.03601543293778999,0.5272727272727273
RTX,RAYTHEON TECHNOLOGIES CORP,112,0.4642857142857143,-0.00024927809555870046,104,0.4807692307692308,0.0008893046997891102,2,0.5,-0.014104274878615042,0.5357142857142857
TXT,TEXTRON INC,112,0.4732142857142857,-0.0002934889742379705,84,0.40476190476190477,-0.0015386405422847394,15,0.6666666666666666,0.0053553400122302,0.5267857142857143
IEX,IDEX CORP,112,0.45535714285714285,-0.0003099042132864963,66,0.5454545454545454,0.0039022926334210083,22,0.18181818181818182,-0.009259779003404882,0.5446428571428572
SRE,SEMPRA ENERGY,98,0.5612244897959183,-0.00032281595319694326,69,0.5797101449275363,0.001020222197140283,25,0.52,-0.0044506043556057405,0.5612244897959183
MMC,MARSH & MCLENNAN COS INC,112,0.4732142857142857,-0.0003507623456199161,72,0.4583333333333333,0.00031601674641088294,15,0.4,-0.009448778413535449,0.5267857142857143
MAR,MARRIOTT INTERNATIONAL INC NEW,100,0.47,-0.00038025574889259174,71,0.49295774647887325,0.00222301791476482,10,0.4,-0.006610389974237385,0.53
VFC,V F CORP,112,0.35714285714285715,-0.0003823597467740402,76,0.39473684210526316,2.336813724471289e-06,14,0.5,0.022354973601768444,0.6428571428571428
PPG,P P G INDUSTRIES INC,112,0.5089285714285714,-0.0003964720746754364,85,0.5176470588235295,-0.0005118486096615817,11,0.5454545454545454,0.0018321243006299457,0.5089285714285714
AMZN,AMAZON COM INC,86,0.45348837209302323,-0.00040744823385519896,27,0.6296296296296297,0.02222503202087692,13,0.15384615384615385,-0.022091647757998486,0.5465116279069768
XRX,XEROX HOLDINGS CORP,112,0.45535714285714285,-0.000426050352281828,78,0.46153846153846156,-0.0005447268938398636,27,0.4444444444444444,0.0028167623204679477,0.5446428571428572
MRO,MARATHON OIL CORP,111,0.43243243243243246,-0.00042680564147963524,69,0.4492753623188406,0.004951838830618221,35,0.4,-0.008950654481872542,0.5675675675675675
HPQ,H P INC,112,0.5178571428571429,-0.0004268489083940024,80,0.5375,0.0068797445123139535,12,0.5833333333333334,-0.008602533728017578,0.5178571428571429
MGM,M G M RESORTS INTERNATIONAL,112,0.4732142857142857,-0.00048022727552313974,64,0.515625,-0.00350125256287819,35,0.4,0.004107214153311221,0.5267857142857143
AME,AMETEK INC NEW,101,0.504950495049505,-0.00048525604832548873,58,0.4482758620689655,-0.001274986564981884,0,-1.0,-1.0,0.504950495049505
KO,COCA COLA CO,112,0.4732142857142857,-0.0005123136758868597,71,0.4507042253521127,-0.0005643299090283099,1,1.0,0.0030158159770661275,0.5267857142857143
CSCO,CISCO SYSTEMS INC,112,0.5178571428571429,-0.0005520267362488388,92,0.532608695652174,0.002717123463856196,1,0.0,-0.13111887858445237,0.5178571428571429
HBAN,HUNTINGTON BANCSHARES INC,111,0.4774774774774775,-0.0005965936741772687,50,0.52,-0.001334136277614799,36,0.3888888888888889,-0.0036466055883582513,0.5225225225225225
TAP,MOLSON COORS BEVERAGE CO,110,0.42727272727272725,-0.0006010602718586575,66,0.4696969696969697,0.002934549215465583,39,0.3333333333333333,-0.007150386034744753,0.5727272727272728
PNW,PINNACLE WEST CAPITAL CORP,111,0.45045045045045046,-0.0006253363448709105,61,0.4918032786885246,0.001005745017908128,40,0.375,-0.0029242589194339195,0.5495495495495495
KR,KROGER COMPANY,112,0.5,-0.0007012639799620685,66,0.4696969696969697,-0.001840317002757532,12,0.5,-0.00446178223628189,0.5
IDXX,I D E X X LABORATORIES INC,112,0.5,-0.0007892334198389298,75,0.48,-0.003910381452963856,1,0.0,-0.015151515151515138,0.5
HSIC,SCHEIN HENRY INC,107,0.4953271028037383,-0.0008014873460811809,71,0.5211267605633803,0.006361241507623868,7,0.7142857142857143,-0.023509191661298705,0.5046728971962617
CNP,CENTERPOINT ENERGY INC,112,0.5535714285714286,-0.0008264193713223358,65,0.5076923076923077,-0.001084708832780116,33,0.6363636363636364,-0.001329863158227931,0.5535714285714286
NTRS,NORTHERN TRUST CORP,17,0.47058823529411764,-0.000854199400290967,7,0.5714285714285714,0.0003674288940860463,0,-1.0,-1.0,0.5294117647058824
VMC,VULCAN MATERIALS CO,111,0.4954954954954955,-0.0008566525395284538,55,0.5454545454545454,0.004931210870801203,44,0.45454545454545453,-0.005667742563008214,0.5045045045045045
PGR,PROGRESSIVE CORP OH,112,0.42857142857142855,-0.0008576196169442853,60,0.5,0.009366173521113118,33,0.36363636363636365,-0.018538366307275463,0.5714285714285714
ETSY,ETSY INC,30,0.4666666666666667,-0.0008836733471488575,20,0.5,0.020755218622340525,7,0.5714285714285714,0.0019713219242271573,0.5333333333333333
MOS,MOSAIC COMPANY NEW,69,0.6086956521739131,-0.0009581037258430354,34,0.6176470588235294,0.010320193902658367,31,0.6129032258064516,-0.011739413553741508,0.6086956521739131
SWK,STANLEY BLACK & DECKER INC,112,0.42857142857142855,-0.0009720973829894776,80,0.425,-0.001967848024639442,16,0.5,0.0019996601877842746,0.5714285714285714
ABC,AMERISOURCEBERGEN CORP,110,0.44545454545454544,-0.0010369974561927331,73,0.3972602739726027,-0.004109415163177955,7,0.2857142857142857,-0.01136005892586846,0.5545454545454546
HES,HESS CORP,112,0.48214285714285715,-0.0010403789639027567,69,0.5362318840579711,0.0010491957074643668,35,0.45714285714285713,-0.0015188906634555886,0.5178571428571428
CDW,C D W CORP NEW,37,0.5135135135135135,-0.0010861612551674455,34,0.5,-0.0011616558048186006,0,-1.0,-1.0,0.5135135135135135
HSY,HERSHEY CO,112,0.49107142857142855,-0.0010890721556822364,70,0.5714285714285714,0.0013883682855880073,16,0.25,-0.008207510900929797,0.5089285714285714
AMCR,AMCOR PLC,13,0.46153846153846156,-0.0010964897182673939,5,0.6,-0.009230437939636826,2,0.5,0.015343744699872708,0.5384615384615384
WST,WEST PHARMACEUTICAL SERVICES INC,105,0.5428571428571428,-0.001102237909084993,67,0.582089552238806,-3.720949341627955e-05,25,0.48,-0.00393021154876906,0.5428571428571428
CTLT,CATALENT INC,33,0.45454545454545453,-0.0011427541587515086,26,0.4230769230769231,0.0034909973691117967,5,0.4,-0.03727339985363474,0.5454545454545454
LOW,LOWES COMPANIES INC,112,0.48214285714285715,-0.0011808736234813033,65,0.49230769230769234,-0.0025637736851618674,23,0.43478260869565216,-0.002617425262731879,0.5178571428571428
MAS,MASCO CORP,111,0.6126126126126126,-0.0011809202615830363,64,0.65625,0.006554377453670657,29,0.5172413793103449,-0.018180952642821237,0.6126126126126126
CCI,CROWN CASTLE INTL CORP NEW,97,0.4948453608247423,-0.00118659296842137,38,0.47368421052631576,0.007974742085072753,51,0.5098039215686274,-0.007576686053031257,0.5051546391752577
T,A T & T INC,111,0.44144144144144143,-0.0011990122065334747,63,0.49206349206349204,0.0030299249258437665,18,0.2222222222222222,-0.014186804892319703,0.5585585585585586
OKE,ONEOK INC NEW,103,0.42718446601941745,-0.0012428358430879563,59,0.4915254237288136,0.0029193673907100437,32,0.34375,-0.005713291308392276,0.5728155339805825
JPM,JPMORGAN CHASE & CO,112,0.44642857142857145,-0.0012571864397686405,90,0.4777777777777778,0.0007088535025747122,18,0.3888888888888889,-0.005194450234871035,0.5535714285714286
SEE,SEALED AIR CORP NEW,112,0.4107142857142857,-0.0012834221833131706,68,0.45588235294117646,-0.0005523922808599394,32,0.40625,-0.0005508662822431495,0.5892857142857143
HIG,HARTFORD FINANCIAL SVCS GRP INC,107,0.5607476635514018,-0.0013675059016338164,85,0.611764705882353,0.009500224221520248,19,0.2631578947368421,-0.05452075210217984,0.5607476635514018
LDOS,LEIDOS HOLDINGS INC,65,0.46153846153846156,-0.0013928691451283162,49,0.4897959183673469,0.0009727478628499746,14,0.35714285714285715,-0.014316257828728076,0.5384615384615384
MRK,MERCK & CO INC NEW,111,0.4774774774774775,-0.0014300803985055712,72,0.4444444444444444,-0.002347890443165047,7,0.2857142857142857,-0.010347528061028424,0.5225225225225225
CNC,CENTENE CORP DEL,83,0.4939759036144578,-0.0014855888301096901,48,0.4791666666666667,-0.003203035165450986,8,0.375,-0.01614117274254817,0.5060240963855422
NI,NISOURCE INC,111,0.42342342342342343,-0.0015155603789495848,54,0.48148148148148145,-0.001836694868996787,45,0.3333333333333333,-0.0018372570906335323,0.5765765765765766
CME,C M E GROUP INC,80,0.5,-0.0015793709264453823,54,0.5185185185185185,-0.001167400178546971,13,0.6153846153846154,0.0035135079277719074,0.5
FTI,TECHNIPFMC PLC,24,0.5,-0.0015886487486133545,6,0.6666666666666666,0.016181637513999852,17,0.47058823529411764,-0.007643959291529769,0.5
TFC,TRUIST FINANCIAL CORP,112,0.45535714285714285,-0.0016246451972431503,59,0.423728813559322,-0.003208606360156891,25,0.56,0.0008876459208854736,0.5446428571428572
YUM,YUM BRANDS INC,101,0.4752475247524752,-0.0017053105925619583,72,0.5416666666666666,0.007401138281336015,23,0.2608695652173913,-0.03191797611556843,0.5247524752475248
EXR,EXTRA SPACE STORAGE INC,70,0.5285714285714286,-0.0017344445016665702,54,0.5740740740740741,0.0008655833093982406,12,0.25,-0.020183783065178113,0.5285714285714286
LMT,LOCKHEED MARTIN CORP,112,0.45535714285714285,-0.0018135733922742872,97,0.4639175257731959,-0.0022078606690530632,13,0.46153846153846156,0.003849191292327269,0.5446428571428572
HLT,HILTON WORLDWIDE HOLDINGS INC,36,0.4166666666666667,-0.00183349805562619,26,0.5,0.00010891358269635806,9,0.2222222222222222,-0.006597953272557855,0.5833333333333333
VRSN,VERISIGN INC,98,0.4897959183673469,-0.0018709848075979564,62,0.5483870967741935,0.005543584522459906,17,0.4117647058823529,-0.03553446274427534,0.5102040816326531
NEE,NEXTERA ENERGY INC,112,0.45535714285714285,-0.001923941877567072,59,0.4745762711864407,-0.002883330647257695,14,0.5714285714285714,0.009047631299982697,0.5446428571428572
FISV,FISERV INC,109,0.41284403669724773,-0.0019283817541113685,48,0.5,0.009770378491693084,9,0.3333333333333333,-0.023783426873013838,0.5871559633027523
ALL,ALLSTATE CORP,112,0.5178571428571429,-0.0019395586034024084,80,0.5875,0.00729710925265228,29,0.27586206896551724,-0.029573771632923997,0.5178571428571429
MPC,MARATHON PETROLEUM CORP,46,0.5217391304347826,-0.0019416875416633796,36,0.5555555555555556,0.0012804860593351205,9,0.4444444444444444,-0.013805698505491107,0.5217391304347826
HAS,HASBRO INC,112,0.48214285714285715,-0.001982149336446327,70,0.5428571428571428,0.0029578577344278505,26,0.46153846153846156,-0.004452266193226665,0.5178571428571428
DFS,DISCOVER FINANCIAL SERVICES,62,0.5,-0.0020074362822160826,43,0.5348837209302325,0.006207118578111737,16,0.4375,-0.0186664714316076,0.5
CFG,CITIZENS FINANCIAL GROUP INC,33,0.5757575757575758,-0.002077498451534168,26,0.5769230769230769,-0.0015551463493298457,5,0.8,0.009023353005138634,0.5757575757575758
HD,HOME DEPOT INC,112,0.4642857142857143,-0.0020938855309971674,81,0.43209876543209874,-0.0024162512629697513,9,0.6666666666666666,-0.00477928439890644,0.5357142857142857
VNO,VORNADO REALTY TRUST,74,0.47297297297297297,-0.0021273700539921883,40,0.525,-0.002889950859246285,32,0.375,-0.002147909377523259,0.527027027027027
LUV,SOUTHWEST AIRLINES CO,112,0.42857142857142855,-0.0021515700963901283,69,0.463768115942029,-0.00029850616994702377,16,0.25,-0.01502667052314588,0.5714285714285714
WMT,WALMART INC,111,0.42342342342342343,-0.002204923394200253,71,0.4647887323943662,-1.5892842638019747e-05,15,0.13333333333333333,-0.015784932830348777,0.5765765765765766
GS,GOLDMAN SACHS GROUP INC,94,0.4787234042553192,-0.0022295954263462283,81,0.4691358024691358,-0.0029730611533877976,11,0.5454545454545454,0.0038881830526511104,0.5212765957446808
IFF,INTERNATIONAL FLAVORS & FRAG INC,111,0.5135135135135135,-0.002233683694669521,61,0.5245901639344263,-0.001190945951780878,30,0.5333333333333333,-0.006100927222901883,0.5135135135135135
BAC,BANK OF AMERICA CORP,111,0.5405405405405406,-0.002238255510322992,83,0.6385542168674698,0.005980397189426987,16,0.25,-0.04229288247409584,0.5405405405405406
AEE,AMEREN CORP,100,0.54,-0.002246464933695709,58,0.5344827586206896,-0.0039045215704593596,39,0.5641025641025641,0.00033978361235260257,0.54
COF,CAPITAL ONE FINANCIAL CORP,111,0.5585585585585585,-0.0022876336086113105,62,0.5967741935483871,-0.0007694743061594288,29,0.41379310344827586,-0.016228970935291555,0.5585585585585585
NFLX,NETFLIX INC,77,0.44155844155844154,-0.002301651783422732,49,0.40816326530612246,-0.004383547012407969,8,0.125,-0.021521795857217585,0.5584415584415585
UAL,UNITED AIRLINES HOLDINGS INC,67,0.47761194029850745,-0.0023714182682813274,46,0.5217391304347826,-0.0014179172481593243,19,0.3684210526315789,-0.006784889854484747,0.5223880597014925
NEM,NEWMONT CORP,112,0.4375,-0.0024886597784939232,70,0.5285714285714286,0.0027719443459781135,37,0.32432432432432434,-0.010890809496272665,0.5625
GRMN,GARMIN LTD,88,0.4659090909090909,-0.002604681935178148,69,0.42028985507246375,-0.005051418672579943,14,0.6428571428571429,0.006474987915921548,0.5340909090909092
WEC,W E C ENERGY GROUP INC,112,0.42857142857142855,-0.0026316617951401833,85,0.4470588235294118,-0.0009198673485973147,21,0.19047619047619047,-0.012593747341897459,0.5714285714285714
CLX,CLOROX CO,111,0.46846846846846846,-0.002652986757718924,81,0.5061728395061729,0.0008697116777277403,16,0.5,-0.013787142552125126,0.5315315315315315
OXY,OCCIDENTAL PETROLEUM CORP,111,0.4594594594594595,-0.0027740578275768616,79,0.5063291139240507,-0.0009237474102453595,21,0.3333333333333333,-0.010074058431088778,0.5405405405405406
WHR,WHIRLPOOL CORP,112,0.4642857142857143,-0.0028537613236243064,77,0.4805194805194805,-0.0012684117955189186,33,0.42424242424242425,-0.006632128285462423,0.5357142857142857
XEL,X C E L ENERGY INC,111,0.45045045045045046,-0.0028562203376355693,63,0.5238095238095238,0.0007209318764827335,39,0.3076923076923077,-0.009328527157875195,0.5495495495495495
DGX,QUEST DIAGNOSTICS INC,104,0.4807692307692308,-0.0029868516526289687,76,0.47368421052631576,-0.0035855903435233396,12,0.4166666666666667,-0.005714677602460555,0.5192307692307692
BDX,BECTON DICKINSON & CO,112,0.42857142857142855,-0.003092531962819171,84,0.4642857142857143,0.00034981779736742305,4,0.25,-0.006418599495368854,0.5714285714285714
JKHY,HENRY JACK & ASSOC INC,111,0.5225225225225225,-0.003105591145243615,62,0.5645161290322581,0.0035536468494437303,9,0.3333333333333333,-0.04286510263242075,0.5225225225225225
WAB,WABTEC CORP,107,0.411214953271028,-0.0031126715901739783,65,0.4153846153846154,-0.0011941750117661486,18,0.3333333333333333,-0.011712431052806128,0.5887850467289719
ESS,ESSEX PROPERTY TRUST INC,77,0.4805194805194805,-0.0031353897815702024,60,0.5333333333333333,-0.002657325587183416,16,0.3125,-0.005028115401431041,0.5194805194805194
EVRG,EVERGY INC,101,0.38613861386138615,-0.0031495830856194985,51,0.4117647058823529,-0.0025132729236285603,41,0.2926829268292683,-0.006391228400074323,0.6138613861386139
JNPR,JUNIPER NETWORKS INC,91,0.45054945054945056,-0.0031980860214684574,63,0.5238095238095238,0.010060912859197796,6,0.0,-0.05245011331994102,0.5494505494505495
REGN,REGENERON PHARMACEUTICALS INC,105,0.38095238095238093,-0.0032141207561937053,82,0.3902439024390244,-0.002548427775678487,21,0.3333333333333333,-0.00620317452630517,0.6190476190476191
BXP,BOSTON PROPERTIES INC,76,0.5,-0.003251729961679911,49,0.6122448979591837,0.0018827608349379888,22,0.3181818181818182,-0.01374077459305935,0.5
TDY,TELEDYNE TECHNOLOGIES,92,0.45652173913043476,-0.0033681003731279614,87,0.4482758620689655,-0.0034681313985749185,1,1.0,0.010862146798792827,0.5434782608695652
PRU,PRUDENTIAL FINANCIAL INC,83,0.46987951807228917,-0.0034582433411745345,54,0.6481481481481481,0.012610684359377424,29,0.13793103448275862,-0.033379694921512666,0.5301204819277108
VRSK,VERISK ANALYTICS INC,51,0.43137254901960786,-0.0034927399901767712,33,0.6060606060606061,0.011201973245318571,10,0.1,-0.0425828432501311,0.5686274509803921
PEAK,HEALTHPEAK PROPERTIES INC,75,0.44,-0.0035471627021780735,33,0.45454545454545453,-0.005848354372949963,34,0.4117647058823529,-0.005094595895581235,0.56
INCY,INCYTE CORP,111,0.4954954954954955,-0.0036136109752235935,52,0.5,-0.0029352878379435587,44,0.5,-0.004493894024187383,0.5045045045045045
VRTX,VERTEX PHARMACEUTICALS INC,112,0.5,-0.0036219716647820583,57,0.6140350877192983,0.01247376948777908,46,0.3695652173913043,-0.023037473359355517,0.5
FCX,FREEPORT MCMORAN INC,107,0.45794392523364486,-0.003671404306794587,69,0.5072463768115942,0.0009998266565196872,25,0.52,-0.008987223702168125,0.5420560747663552
HOLX,HOLOGIC INC,108,0.46296296296296297,-0.0038702060193877225,66,0.5757575757575758,0.0032795687575988123,15,0.2,-0.028682941804751328,0.537037037037037
IBM,INTERNATIONAL BUSINESS MACHS COR,112,0.45535714285714285,-0.003957376075935701,95,0.49473684210526314,0.000688814081535738,9,0.2222222222222222,-0.033407519944284564,0.5446428571428572
XYL,XYLEM INC,45,0.4444444444444444,-0.004022025621755921,30,0.5,-0.0023597917739935953,4,0.25,-0.012986174846295079,0.5555555555555556
PFG,PRINCIPAL FINANCIAL GROUP INC,84,0.5,-0.004122126607933367,57,0.6491228070175439,0.00682297215825175,22,0.13636363636363635,-0.030223250726733052,0.5
UNM,UNUM GROUP,112,0.5446428571428571,-0.0042041431054563125,55,0.7090909090909091,0.0220387683621028,33,0.2727272727272727,-0.045070701094353426,0.5446428571428571
WY,WEYERHAEUSER CO,110,0.4727272727272727,-0.004410930210927475,72,0.5138888888888888,-0.0028123293063539137,27,0.4444444444444444,-0.004191908132148799,0.5272727272727273
GPS,GAP INC,112,0.4642857142857143,-0.004424547500168917,73,0.5068493150684932,0.006818521753492117,8,0.375,-0.07988896442924197,0.5357142857142857
GE,GENERAL ELECTRIC CO,112,0.375,-0.004970384027954041,75,0.36,-0.005043686240419931,23,0.4782608695652174,-0.0047051090295519545,0.625
KMX,CARMAX INC,102,0.4117647058823529,-0.005326192658590442,51,0.43137254901960786,-0.004069403922265389,23,0.34782608695652173,-0.007406593219517643,0.5882352941176471
UAA,UNDER ARMOUR INC,64,0.359375,-0.006980752064543797,44,0.4318181818181818,-0.004894973588490705,3,0.0,-0.03197512049644661,0.640625
LUMN,CENTURYLINK INC,112,0.48214285714285715,-0.00706599869924362,78,0.5384615384615384,0.002741395341913889,23,0.2608695652173913,-0.029501400350575916,0.5178571428571428
INTC,INTEL CORP,112,0.4732142857142857,-0.007622790992891734,85,0.49411764705882355,-0.002066320323121465,15,0.26666666666666666,-0.0465415594634141,0.5267857142857143
LVS,LAS VEGAS SANDS CORP,72,0.4583333333333333,-0.009401860965188438,34,0.5,-0.004061829648971223,31,0.3870967741935484,-0.014777991200028318,0.5416666666666667
DOW,DOW INC,15,0.26666666666666666,-0.009491404945541505,13,0.23076923076923078,-0.00604087491170823,1,1.0,0.011385202126222849,0.7333333333333334
MU,MICRON TECHNOLOGY INC,111,0.38738738738738737,-0.011779045279754416,65,0.4153846153846154,-0.006301826329820355,41,0.34146341463414637,-0.018972469302007387,0.6126126126126126
STX,SEAGATE TECHNOLOGY PLC,79,0.46835443037974683,-0.012350206225215283,56,0.5535714285714286,0.0018154486861620114,17,0.23529411764705882,-0.058821238561030664,0.5316455696202531
COO,COOPER COMPANIES INC,9,0.4444444444444444,-0.014518573114309128,6,0.5,-0.01449416733090412,1,0.0,-0.058823588053904974,0.5555555555555556
KHC,KRAFT HEINZ CO,29,0.4827586206896552,-0.014675814131328775,24,0.5416666666666666,0.0006275446061225163,5,0.2,-0.08813193607109497,0.5172413793103448
AMD,ADVANCED MICRO DEVICES INC,111,0.35135135135135137,-0.015432218197492211,65,0.38461538461538464,-0.0047376338797808695,30,0.3,-0.03679144986603457,0.6486486486486487
